{
    "discharge_delay": {
        "xgboost": {
            "accuracy": 0.9,
            "precision": 0.9076923076923077,
            "recall": 0.9365079365079365,
            "f1": 0.921875,
            "roc_auc": 0.9708279708279708
        },
        "baseline": {
            "accuracy": 0.63,
            "precision": 0.63,
            "recall": 1.0,
            "f1": 0.7730061349693251
        }
    },
    "readmission_risk": {
        "xgboost": {
            "accuracy": 0.94,
            "precision": 0.9318181818181818,
            "recall": 1.0,
            "f1": 0.9647058823529412,
            "roc_auc": 0.9803523035230353
        },
        "baseline": {
            "accuracy": 0.82,
            "precision": 0.82,
            "recall": 1.0,
            "f1": 0.9010989010989011
        }
    },
    "expected_delay_hours": {
        "xgboost": {
            "mae": 2.1784048354662953,
            "rmse": 2.8951015309880854,
            "r2": 0.8285085819494806
        },
        "baseline": {
            "mae": 5.808000000000001,
            "rmse": 7.115321496601542,
            "r2": -0.03586664578065801
        }
    }
}